Downloaded from wid.world on 05-06-2019 at 11:53:01
Country Code;Country Name;WID Variable code;Percentile group;Unit;Variable name;Intuitive description;Technical description;Methodological Notes;Sources
AF;Afghanistan;gdiinc992j;p0p100;;Post-tax national income. Gini coefficient Adults. equal-split adults;;[Post-tax national income]=[Post-tax disposable income]+[Public spending]; ; 
QB;Africa;gdiinc992j;p0p100;;Post-tax national income. Gini coefficient Adults. equal-split adults;;[Post-tax national income]=[Post-tax disposable income]+[Public spending]; ; 
US-AL;Alabama;gdiinc992j;p0p100;;Post-tax national income. Gini coefficient Adults. equal-split adults;;[Post-tax national income]=[Post-tax disposable income]+[Public spending]; ; 
US-AK;Alaska;gdiinc992j;p0p100;;Post-tax national income. Gini coefficient Adults. equal-split adults;;[Post-tax national income]=[Post-tax disposable income]+[Public spending]; ; 
AL;Albania;gdiinc992j;p0p100;;Post-tax national income. Gini coefficient Adults. equal-split adults;;[Post-tax national income]=[Post-tax disposable income]+[Public spending];;[URL][URL_LINK]http://wid.world/document/bcg2019-full-paper/[/URL_LINK][URL_TEXT]Blanchet, Chancel & Gethin (2019), How Unequal is Europe? Evidence from Distributional National Accounts, 1980-2017[/URL_TEXT][/URL]
DZ;Algeria;gdiinc992j;p0p100;;Post-tax national income. Gini coefficient Adults. equal-split adults;;[Post-tax national income]=[Post-tax disposable income]+[Public spending]; ; 
AS;American Samoa;gdiinc992j;p0p100;;Post-tax national income. Gini coefficient Adults. equal-split adults;;[Post-tax national income]=[Post-tax disposable income]+[Public spending]; ; 
QC;Americas;gdiinc992j;p0p100;;Post-tax national income. Gini coefficient Adults. equal-split adults;;[Post-tax national income]=[Post-tax disposable income]+[Public spending]; ; 
AD;Andorra;gdiinc992j;p0p100;;Post-tax national income. Gini coefficient Adults. equal-split adults;;[Post-tax national income]=[Post-tax disposable income]+[Public spending]; ; 
AO;Angola;gdiinc992j;p0p100;;Post-tax national income. Gini coefficient Adults. equal-split adults;;[Post-tax national income]=[Post-tax disposable income]+[Public spending]; ; 
AI;Anguilla;gdiinc992j;p0p100;;Post-tax national income. Gini coefficient Adults. equal-split adults;;[Post-tax national income]=[Post-tax disposable income]+[Public spending]; ; 
AG;Antigua and Barbuda;gdiinc992j;p0p100;;Post-tax national income. Gini coefficient Adults. equal-split adults;;[Post-tax national income]=[Post-tax disposable income]+[Public spending]; ; 
AR;Argentina;gdiinc992j;p0p100;;Post-tax national income. Gini coefficient Adults. equal-split adults;;[Post-tax national income]=[Post-tax disposable income]+[Public spending]; ; 
US-AZ;Arizona;gdiinc992j;p0p100;;Post-tax national income. Gini coefficient Adults. equal-split adults;;[Post-tax national income]=[Post-tax disposable income]+[Public spending]; ; 
US-AR;Arkansas;gdiinc992j;p0p100;;Post-tax national income. Gini coefficient Adults. equal-split adults;;[Post-tax national income]=[Post-tax disposable income]+[Public spending]; ; 
AM;Armenia;gdiinc992j;p0p100;;Post-tax national income. Gini coefficient Adults. equal-split adults;;[Post-tax national income]=[Post-tax disposable income]+[Public spending]; ; 
AW;Aruba;gdiinc992j;p0p100;;Post-tax national income. Gini coefficient Adults. equal-split adults;;[Post-tax national income]=[Post-tax disposable income]+[Public spending]; ; 
QD;Asia;gdiinc992j;p0p100;;Post-tax national income. Gini coefficient Adults. equal-split adults;;[Post-tax national income]=[Post-tax disposable income]+[Public spending]; ; 
XA;Asia (excl. Middle East);gdiinc992j;p0p100;;Post-tax national income. Gini coefficient Adults. equal-split adults;;[Post-tax national income]=[Post-tax disposable income]+[Public spending]; ; 
XA-MER;Asia (excluding Middle East), Market Exchange Rate;gdiinc992j;p0p100;;Post-tax national income. Gini coefficient Adults. equal-split adults;;[Post-tax national income]=[Post-tax disposable income]+[Public spending]; ; 
AU;Australia;gdiinc992j;p0p100;;Post-tax national income. Gini coefficient Adults. equal-split adults;;[Post-tax national income]=[Post-tax disposable income]+[Public spending]; ; 
QG;Australia and New Zealand;gdiinc992j;p0p100;;Post-tax national income. Gini coefficient Adults. equal-split adults;;[Post-tax national income]=[Post-tax disposable income]+[Public spending]; ; 
AT;Austria;gdiinc992j;p0p100;;Post-tax national income. Gini coefficient Adults. equal-split adults;;[Post-tax national income]=[Post-tax disposable income]+[Public spending];;[URL][URL_LINK]http://wid.world/document/bcg2019-full-paper/[/URL_LINK][URL_TEXT]Blanchet, Chancel & Gethin (2019), How Unequal is Europe? Evidence from Distributional National Accounts, 1980-2017[/URL_TEXT][/URL]
AZ;Azerbaijan;gdiinc992j;p0p100;;Post-tax national income. Gini coefficient Adults. equal-split adults;;[Post-tax national income]=[Post-tax disposable income]+[Public spending]; ; 
DE-BD;Baden;gdiinc992j;p0p100;;Post-tax national income. Gini coefficient Adults. equal-split adults;;[Post-tax national income]=[Post-tax disposable income]+[Public spending]; ; 
BS;Bahamas;gdiinc992j;p0p100;;Post-tax national income. Gini coefficient Adults. equal-split adults;;[Post-tax national income]=[Post-tax disposable income]+[Public spending]; ; 
BH;Bahrain;gdiinc992j;p0p100;;Post-tax national income. Gini coefficient Adults. equal-split adults;;[Post-tax national income]=[Post-tax disposable income]+[Public spending]; ; 
BD;Bangladesh;gdiinc992j;p0p100;;Post-tax national income. Gini coefficient Adults. equal-split adults;;[Post-tax national income]=[Post-tax disposable income]+[Public spending]; ; 
BB;Barbados;gdiinc992j;p0p100;;Post-tax national income. Gini coefficient Adults. equal-split adults;;[Post-tax national income]=[Post-tax disposable income]+[Public spending]; ; 
DE-BY;Bavaria;gdiinc992j;p0p100;;Post-tax national income. Gini coefficient Adults. equal-split adults;;[Post-tax national income]=[Post-tax disposable income]+[Public spending]; ; 
BY;Belarus;gdiinc992j;p0p100;;Post-tax national income. Gini coefficient Adults. equal-split adults;;[Post-tax national income]=[Post-tax disposable income]+[Public spending]; ; 
BE;Belgium;gdiinc992j;p0p100;;Post-tax national income. Gini coefficient Adults. equal-split adults;;[Post-tax national income]=[Post-tax disposable income]+[Public spending];;[URL][URL_LINK]http://wid.world/document/bcg2019-full-paper/[/URL_LINK][URL_TEXT]Blanchet, Chancel & Gethin (2019), How Unequal is Europe? Evidence from Distributional National Accounts, 1980-2017[/URL_TEXT][/URL]
BZ;Belize;gdiinc992j;p0p100;;Post-tax national income. Gini coefficient Adults. equal-split adults;;[Post-tax national income]=[Post-tax disposable income]+[Public spending]; ; 
BJ;Benin;gdiinc992j;p0p100;;Post-tax national income. Gini coefficient Adults. equal-split adults;;[Post-tax national income]=[Post-tax disposable income]+[Public spending]; ; 
BM;Bermuda;gdiinc992j;p0p100;;Post-tax national income. Gini coefficient Adults. equal-split adults;;[Post-tax national income]=[Post-tax disposable income]+[Public spending]; ; 
BT;Bhutan;gdiinc992j;p0p100;;Post-tax national income. Gini coefficient Adults. equal-split adults;;[Post-tax national income]=[Post-tax disposable income]+[Public spending]; ; 
BO;Bolivia;gdiinc992j;p0p100;;Post-tax national income. Gini coefficient Adults. equal-split adults;;[Post-tax national income]=[Post-tax disposable income]+[Public spending]; ; 
BA;Bosnia and Herzegovina;gdiinc992j;p0p100;;Post-tax national income. Gini coefficient Adults. equal-split adults;;[Post-tax national income]=[Post-tax disposable income]+[Public spending];;[URL][URL_LINK]http://wid.world/document/bcg2019-full-paper/[/URL_LINK][URL_TEXT]Blanchet, Chancel & Gethin (2019), How Unequal is Europe? Evidence from Distributional National Accounts, 1980-2017[/URL_TEXT][/URL]
BW;Botswana;gdiinc992j;p0p100;;Post-tax national income. Gini coefficient Adults. equal-split adults;;[Post-tax national income]=[Post-tax disposable income]+[Public spending]; ; 
BR;Brazil;gdiinc992j;p0p100;;Post-tax national income. Gini coefficient Adults. equal-split adults;;[Post-tax national income]=[Post-tax disposable income]+[Public spending]; ; 
DE-HB;Bremen;gdiinc992j;p0p100;;Post-tax national income. Gini coefficient Adults. equal-split adults;;[Post-tax national income]=[Post-tax disposable income]+[Public spending]; ; 
BN;Brunei Darussalam;gdiinc992j;p0p100;;Post-tax national income. Gini coefficient Adults. equal-split adults;;[Post-tax national income]=[Post-tax disposable income]+[Public spending]; ; 
BG;Bulgaria;gdiinc992j;p0p100;;Post-tax national income. Gini coefficient Adults. equal-split adults;;[Post-tax national income]=[Post-tax disposable income]+[Public spending];;[URL][URL_LINK]http://wid.world/document/bcg2019-full-paper/[/URL_LINK][URL_TEXT]Blanchet, Chancel & Gethin (2019), How Unequal is Europe? Evidence from Distributional National Accounts, 1980-2017[/URL_TEXT][/URL]
BF;Burkina Faso;gdiinc992j;p0p100;;Post-tax national income. Gini coefficient Adults. equal-split adults;;[Post-tax national income]=[Post-tax disposable income]+[Public spending]; ; 
BI;Burundi;gdiinc992j;p0p100;;Post-tax national income. Gini coefficient Adults. equal-split adults;;[Post-tax national income]=[Post-tax disposable income]+[Public spending]; ; 
CV;Cabo Verde;gdiinc992j;p0p100;;Post-tax national income. Gini coefficient Adults. equal-split adults;;[Post-tax national income]=[Post-tax disposable income]+[Public spending]; ; 
US-CA;California;gdiinc992j;p0p100;;Post-tax national income. Gini coefficient Adults. equal-split adults;;[Post-tax national income]=[Post-tax disposable income]+[Public spending]; ; 
KH;Cambodia;gdiinc992j;p0p100;;Post-tax national income. Gini coefficient Adults. equal-split adults;;[Post-tax national income]=[Post-tax disposable income]+[Public spending]; ; 
CM;Cameroon;gdiinc992j;p0p100;;Post-tax national income. Gini coefficient Adults. equal-split adults;;[Post-tax national income]=[Post-tax disposable income]+[Public spending]; ; 
CA;Canada;gdiinc992j;p0p100;;Post-tax national income. Gini coefficient Adults. equal-split adults;;[Post-tax national income]=[Post-tax disposable income]+[Public spending];Estimates relate to the distribution of income (including capital gains) after taxes and transfers. Fractiles defined by total income after taxes and transfers including capital gains. The income definition significantly changes in 1986: certain nontaxable transfers are added into the base: social insurance, workers compensation and the guaranteed income supplement. Estimates based on LAD.;"Saez, Emmanuel and Veall, Michael (2007). The Evolution of High Incomes in Canada 1920-2000; in Atkinson, A. B. and Piketty, T. (editors) Top Incomes over the Twentieth Century. A Contrast Between Continental European and English-Speaking Countries, Oxford University Press, chapter 6. Veall, Michael (2010). Top Income Shares in Canada: Updates and Extensions; McMaster University, Department of Economics, mimeo. Veall, Michael (2012). Top income shares in Canada: recent trends and policy implications; Canadian Journal of Economics, 45(4): 1247-1272. Series updated by M. Veall."
QH;Caribbean;gdiinc992j;p0p100;;Post-tax national income. Gini coefficient Adults. equal-split adults;;[Post-tax national income]=[Post-tax disposable income]+[Public spending]; ; 
KY;Cayman Islands;gdiinc992j;p0p100;;Post-tax national income. Gini coefficient Adults. equal-split adults;;[Post-tax national income]=[Post-tax disposable income]+[Public spending]; ; 
CF;Central African Republic;gdiinc992j;p0p100;;Post-tax national income. Gini coefficient Adults. equal-split adults;;[Post-tax national income]=[Post-tax disposable income]+[Public spending]; ; 
QI;Central America;gdiinc992j;p0p100;;Post-tax national income. Gini coefficient Adults. equal-split adults;;[Post-tax national income]=[Post-tax disposable income]+[Public spending]; ; 
QJ;Central Asia;gdiinc992j;p0p100;;Post-tax national income. Gini coefficient Adults. equal-split adults;;[Post-tax national income]=[Post-tax disposable income]+[Public spending]; ; 
TD;Chad;gdiinc992j;p0p100;;Post-tax national income. Gini coefficient Adults. equal-split adults;;[Post-tax national income]=[Post-tax disposable income]+[Public spending]; ; 
XI;Channel Islands;gdiinc992j;p0p100;;Post-tax national income. Gini coefficient Adults. equal-split adults;;[Post-tax national income]=[Post-tax disposable income]+[Public spending]; ; 
CL;Chile;gdiinc992j;p0p100;;Post-tax national income. Gini coefficient Adults. equal-split adults;;[Post-tax national income]=[Post-tax disposable income]+[Public spending]; ; 
CN;China;gdiinc992j;p0p100;;Post-tax national income. Gini coefficient Adults. equal-split adults;;[Post-tax national income]=[Post-tax disposable income]+[Public spending]; ; 
CO;Colombia;gdiinc992j;p0p100;;Post-tax national income. Gini coefficient Adults. equal-split adults;;[Post-tax national income]=[Post-tax disposable income]+[Public spending]; ; 
US-CO;Colorado;gdiinc992j;p0p100;;Post-tax national income. Gini coefficient Adults. equal-split adults;;[Post-tax national income]=[Post-tax disposable income]+[Public spending]; ; 
KM;Comoros;gdiinc992j;p0p100;;Post-tax national income. Gini coefficient Adults. equal-split adults;;[Post-tax national income]=[Post-tax disposable income]+[Public spending]; ; 
CG;Congo;gdiinc992j;p0p100;;Post-tax national income. Gini coefficient Adults. equal-split adults;;[Post-tax national income]=[Post-tax disposable income]+[Public spending]; ; 
US-CT;Connecticut;gdiinc992j;p0p100;;Post-tax national income. Gini coefficient Adults. equal-split adults;;[Post-tax national income]=[Post-tax disposable income]+[Public spending]; ; 
CK;Cook Islands;gdiinc992j;p0p100;;Post-tax national income. Gini coefficient Adults. equal-split adults;;[Post-tax national income]=[Post-tax disposable income]+[Public spending]; ; 
CR;Costa Rica;gdiinc992j;p0p100;;Post-tax national income. Gini coefficient Adults. equal-split adults;;[Post-tax national income]=[Post-tax disposable income]+[Public spending]; ; 
CI;"Cote d""Ivoire";gdiinc992j;p0p100;;Post-tax national income. Gini coefficient Adults. equal-split adults;;[Post-tax national income]=[Post-tax disposable income]+[Public spending]; ; 
HR;Croatia;gdiinc992j;p0p100;;Post-tax national income. Gini coefficient Adults. equal-split adults;;[Post-tax national income]=[Post-tax disposable income]+[Public spending];;[URL][URL_LINK]http://wid.world/document/bcg2019-full-paper/[/URL_LINK][URL_TEXT]Blanchet, Chancel & Gethin (2019), How Unequal is Europe? Evidence from Distributional National Accounts, 1980-2017[/URL_TEXT][/URL]
CU;Cuba;gdiinc992j;p0p100;;Post-tax national income. Gini coefficient Adults. equal-split adults;;[Post-tax national income]=[Post-tax disposable income]+[Public spending]; ; 
CW;Curacao;gdiinc992j;p0p100;;Post-tax national income. Gini coefficient Adults. equal-split adults;;[Post-tax national income]=[Post-tax disposable income]+[Public spending]; ; 
CY;Cyprus;gdiinc992j;p0p100;;Post-tax national income. Gini coefficient Adults. equal-split adults;;[Post-tax national income]=[Post-tax disposable income]+[Public spending];;[URL][URL_LINK]http://wid.world/document/bcg2019-full-paper/[/URL_LINK][URL_TEXT]Blanchet, Chancel & Gethin (2019), How Unequal is Europe? Evidence from Distributional National Accounts, 1980-2017[/URL_TEXT][/URL]
CZ;Czech Republic;gdiinc992j;p0p100;;Post-tax national income. Gini coefficient Adults. equal-split adults;;[Post-tax national income]=[Post-tax disposable income]+[Public spending];;[URL][URL_LINK]http://wid.world/document/bcg2019-full-paper/[/URL_LINK][URL_TEXT]Blanchet, Chancel & Gethin (2019), How Unequal is Europe? Evidence from Distributional National Accounts, 1980-2017[/URL_TEXT][/URL]
CS;Czechoslovakia;gdiinc992j;p0p100;;Post-tax national income. Gini coefficient Adults. equal-split adults;;[Post-tax national income]=[Post-tax disposable income]+[Public spending]; ; 
CD;DR Congo;gdiinc992j;p0p100;;Post-tax national income. Gini coefficient Adults. equal-split adults;;[Post-tax national income]=[Post-tax disposable income]+[Public spending]; ; 
US-DE;Delaware;gdiinc992j;p0p100;;Post-tax national income. Gini coefficient Adults. equal-split adults;;[Post-tax national income]=[Post-tax disposable income]+[Public spending]; ; 
DK;Denmark;gdiinc992j;p0p100;;Post-tax national income. Gini coefficient Adults. equal-split adults;;[Post-tax national income]=[Post-tax disposable income]+[Public spending];;[URL][URL_LINK]http://wid.world/document/bcg2019-full-paper/[/URL_LINK][URL_TEXT]Blanchet, Chancel & Gethin (2019), How Unequal is Europe? Evidence from Distributional National Accounts, 1980-2017[/URL_TEXT][/URL]
US-DC;District of Columbia;gdiinc992j;p0p100;;Post-tax national income. Gini coefficient Adults. equal-split adults;;[Post-tax national income]=[Post-tax disposable income]+[Public spending]; ; 
DJ;Djibouti;gdiinc992j;p0p100;;Post-tax national income. Gini coefficient Adults. equal-split adults;;[Post-tax national income]=[Post-tax disposable income]+[Public spending]; ; 
DM;Dominica;gdiinc992j;p0p100;;Post-tax national income. Gini coefficient Adults. equal-split adults;;[Post-tax national income]=[Post-tax disposable income]+[Public spending]; ; 
DO;Dominican Republic;gdiinc992j;p0p100;;Post-tax national income. Gini coefficient Adults. equal-split adults;;[Post-tax national income]=[Post-tax disposable income]+[Public spending]; ; 
QK;Eastern Africa;gdiinc992j;p0p100;;Post-tax national income. Gini coefficient Adults. equal-split adults;;[Post-tax national income]=[Post-tax disposable income]+[Public spending]; ; 
QL;Eastern Asia;gdiinc992j;p0p100;;Post-tax national income. Gini coefficient Adults. equal-split adults;;[Post-tax national income]=[Post-tax disposable income]+[Public spending]; ; 
QM;Eastern Europe;gdiinc992j;p0p100;;Post-tax national income. Gini coefficient Adults. equal-split adults;;[Post-tax national income]=[Post-tax disposable income]+[Public spending]; ; 
EC;Ecuador;gdiinc992j;p0p100;;Post-tax national income. Gini coefficient Adults. equal-split adults;;[Post-tax national income]=[Post-tax disposable income]+[Public spending]; ; 
EG;Egypt;gdiinc992j;p0p100;;Post-tax national income. Gini coefficient Adults. equal-split adults;;[Post-tax national income]=[Post-tax disposable income]+[Public spending]; ; 
SV;El Salvador;gdiinc992j;p0p100;;Post-tax national income. Gini coefficient Adults. equal-split adults;;[Post-tax national income]=[Post-tax disposable income]+[Public spending]; ; 
GQ;Equatorial Guinea;gdiinc992j;p0p100;;Post-tax national income. Gini coefficient Adults. equal-split adults;;[Post-tax national income]=[Post-tax disposable income]+[Public spending]; ; 
ER;Eritrea;gdiinc992j;p0p100;;Post-tax national income. Gini coefficient Adults. equal-split adults;;[Post-tax national income]=[Post-tax disposable income]+[Public spending]; ; 
EE;Estonia;gdiinc992j;p0p100;;Post-tax national income. Gini coefficient Adults. equal-split adults;;[Post-tax national income]=[Post-tax disposable income]+[Public spending];;[URL][URL_LINK]http://wid.world/document/bcg2019-full-paper/[/URL_LINK][URL_TEXT]Blanchet, Chancel & Gethin (2019), How Unequal is Europe? Evidence from Distributional National Accounts, 1980-2017[/URL_TEXT][/URL]
ET;Ethiopia;gdiinc992j;p0p100;;Post-tax national income. Gini coefficient Adults. equal-split adults;;[Post-tax national income]=[Post-tax disposable income]+[Public spending]; ; 
QE;Europe;gdiinc992j;p0p100;;Post-tax national income. Gini coefficient Adults. equal-split adults;;[Post-tax national income]=[Post-tax disposable income]+[Public spending];;[URL][URL_LINK]http://wid.world/document/bcg2019-full-paper/[/URL_LINK][URL_TEXT]Blanchet, Chancel & Gethin (2019), How Unequal is Europe? Evidence from Distributional National Accounts, 1980-2017[/URL_TEXT][/URL]
QY;European Union;gdiinc992j;p0p100;;Post-tax national income. Gini coefficient Adults. equal-split adults;;[Post-tax national income]=[Post-tax disposable income]+[Public spending];;[URL][URL_LINK]http://wid.world/document/bcg2019-full-paper/[/URL_LINK][URL_TEXT]Blanchet, Chancel & Gethin (2019), How Unequal is Europe? Evidence from Distributional National Accounts, 1980-2017[/URL_TEXT][/URL]
FO;Faroe Islands;gdiinc992j;p0p100;;Post-tax national income. Gini coefficient Adults. equal-split adults;;[Post-tax national income]=[Post-tax disposable income]+[Public spending]; ; 
FJ;Fiji;gdiinc992j;p0p100;;Post-tax national income. Gini coefficient Adults. equal-split adults;;[Post-tax national income]=[Post-tax disposable income]+[Public spending]; ; 
FI;Finland;gdiinc992j;p0p100;;Post-tax national income. Gini coefficient Adults. equal-split adults;;[Post-tax national income]=[Post-tax disposable income]+[Public spending];;[URL][URL_LINK]http://wid.world/document/bcg2019-full-paper/[/URL_LINK][URL_TEXT]Blanchet, Chancel & Gethin (2019), How Unequal is Europe? Evidence from Distributional National Accounts, 1980-2017[/URL_TEXT][/URL]
US-FL;Florida;gdiinc992j;p0p100;;Post-tax national income. Gini coefficient Adults. equal-split adults;;[Post-tax national income]=[Post-tax disposable income]+[Public spending]; ; 
FR;France;gdiinc992j;p0p100;;Post-tax national income. Gini coefficient Adults. equal-split adults;;[Post-tax national income]=[Post-tax disposable income]+[Public spending];;Blanchet, Chancel and Gethin (2019)
PF;French Polynesia;gdiinc992j;p0p100;;Post-tax national income. Gini coefficient Adults. equal-split adults;;[Post-tax national income]=[Post-tax disposable income]+[Public spending]; ; 
GA;Gabon;gdiinc992j;p0p100;;Post-tax national income. Gini coefficient Adults. equal-split adults;;[Post-tax national income]=[Post-tax disposable income]+[Public spending]; ; 
GM;Gambia;gdiinc992j;p0p100;;Post-tax national income. Gini coefficient Adults. equal-split adults;;[Post-tax national income]=[Post-tax disposable income]+[Public spending]; ; 
US-GA;Georgia;gdiinc992j;p0p100;;Post-tax national income. Gini coefficient Adults. equal-split adults;;[Post-tax national income]=[Post-tax disposable income]+[Public spending]; ; 
GE;Georgia;gdiinc992j;p0p100;;Post-tax national income. Gini coefficient Adults. equal-split adults;;[Post-tax national income]=[Post-tax disposable income]+[Public spending]; ; 
DD;German Democratic Republic;gdiinc992j;p0p100;;Post-tax national income. Gini coefficient Adults. equal-split adults;;[Post-tax national income]=[Post-tax disposable income]+[Public spending];;[URL][URL_LINK]http://wid.world/document/bcg2019-full-paper/[/URL_LINK][URL_TEXT]Blanchet, Chancel & Gethin (2019), How Unequal is Europe? Evidence from Distributional National Accounts, 1980-2017[/URL_TEXT][/URL]
DE;Germany;gdiinc992j;p0p100;;Post-tax national income. Gini coefficient Adults. equal-split adults;;[Post-tax national income]=[Post-tax disposable income]+[Public spending];;[URL][URL_LINK]http://wid.world/document/bcg2019-full-paper/[/URL_LINK][URL_TEXT]Blanchet, Chancel & Gethin (2019), How Unequal is Europe? Evidence from Distributional National Accounts, 1980-2017[/URL_TEXT][/URL]
GH;Ghana;gdiinc992j;p0p100;;Post-tax national income. Gini coefficient Adults. equal-split adults;;[Post-tax national income]=[Post-tax disposable income]+[Public spending]; ; 
GR;Greece;gdiinc992j;p0p100;;Post-tax national income. Gini coefficient Adults. equal-split adults;;[Post-tax national income]=[Post-tax disposable income]+[Public spending];;[URL][URL_LINK]http://wid.world/document/bcg2019-full-paper/[/URL_LINK][URL_TEXT]Blanchet, Chancel & Gethin (2019), How Unequal is Europe? Evidence from Distributional National Accounts, 1980-2017[/URL_TEXT][/URL]
GL;Greenland;gdiinc992j;p0p100;;Post-tax national income. Gini coefficient Adults. equal-split adults;;[Post-tax national income]=[Post-tax disposable income]+[Public spending]; ; 
GD;Grenada;gdiinc992j;p0p100;;Post-tax national income. Gini coefficient Adults. equal-split adults;;[Post-tax national income]=[Post-tax disposable income]+[Public spending]; ; 
GU;Guam;gdiinc992j;p0p100;;Post-tax national income. Gini coefficient Adults. equal-split adults;;[Post-tax national income]=[Post-tax disposable income]+[Public spending]; ; 
GT;Guatemala;gdiinc992j;p0p100;;Post-tax national income. Gini coefficient Adults. equal-split adults;;[Post-tax national income]=[Post-tax disposable income]+[Public spending]; ; 
GN;Guinea;gdiinc992j;p0p100;;Post-tax national income. Gini coefficient Adults. equal-split adults;;[Post-tax national income]=[Post-tax disposable income]+[Public spending]; ; 
GW;Guinea-Bissau;gdiinc992j;p0p100;;Post-tax national income. Gini coefficient Adults. equal-split adults;;[Post-tax national income]=[Post-tax disposable income]+[Public spending]; ; 
GY;Guyana;gdiinc992j;p0p100;;Post-tax national income. Gini coefficient Adults. equal-split adults;;[Post-tax national income]=[Post-tax disposable income]+[Public spending]; ; 
HT;Haiti;gdiinc992j;p0p100;;Post-tax national income. Gini coefficient Adults. equal-split adults;;[Post-tax national income]=[Post-tax disposable income]+[Public spending]; ; 
DE-HH;Hamburg;gdiinc992j;p0p100;;Post-tax national income. Gini coefficient Adults. equal-split adults;;[Post-tax national income]=[Post-tax disposable income]+[Public spending]; ; 
US-HI;Hawaii;gdiinc992j;p0p100;;Post-tax national income. Gini coefficient Adults. equal-split adults;;[Post-tax national income]=[Post-tax disposable income]+[Public spending]; ; 
DE-HE;Hesse;gdiinc992j;p0p100;;Post-tax national income. Gini coefficient Adults. equal-split adults;;[Post-tax national income]=[Post-tax disposable income]+[Public spending]; ; 
HN;Honduras;gdiinc992j;p0p100;;Post-tax national income. Gini coefficient Adults. equal-split adults;;[Post-tax national income]=[Post-tax disposable income]+[Public spending]; ; 
HK;Hong Kong;gdiinc992j;p0p100;;Post-tax national income. Gini coefficient Adults. equal-split adults;;[Post-tax national income]=[Post-tax disposable income]+[Public spending]; ; 
HU;Hungary;gdiinc992j;p0p100;;Post-tax national income. Gini coefficient Adults. equal-split adults;;[Post-tax national income]=[Post-tax disposable income]+[Public spending];;[URL][URL_LINK]http://wid.world/document/bcg2019-full-paper/[/URL_LINK][URL_TEXT]Blanchet, Chancel & Gethin (2019), How Unequal is Europe? Evidence from Distributional National Accounts, 1980-2017[/URL_TEXT][/URL]
IS;Iceland;gdiinc992j;p0p100;;Post-tax national income. Gini coefficient Adults. equal-split adults;;[Post-tax national income]=[Post-tax disposable income]+[Public spending];;[URL][URL_LINK]http://wid.world/document/bcg2019-full-paper/[/URL_LINK][URL_TEXT]Blanchet, Chancel & Gethin (2019), How Unequal is Europe? Evidence from Distributional National Accounts, 1980-2017[/URL_TEXT][/URL]
US-ID;Idaho;gdiinc992j;p0p100;;Post-tax national income. Gini coefficient Adults. equal-split adults;;[Post-tax national income]=[Post-tax disposable income]+[Public spending]; ; 
US-IL;Illinois;gdiinc992j;p0p100;;Post-tax national income. Gini coefficient Adults. equal-split adults;;[Post-tax national income]=[Post-tax disposable income]+[Public spending]; ; 
IN;India;gdiinc992j;p0p100;;Post-tax national income. Gini coefficient Adults. equal-split adults;;[Post-tax national income]=[Post-tax disposable income]+[Public spending]; ; 
US-IN;Indiana;gdiinc992j;p0p100;;Post-tax national income. Gini coefficient Adults. equal-split adults;;[Post-tax national income]=[Post-tax disposable income]+[Public spending]; ; 
ID;Indonesia;gdiinc992j;p0p100;;Post-tax national income. Gini coefficient Adults. equal-split adults;;[Post-tax national income]=[Post-tax disposable income]+[Public spending]; ; 
US-IA;Iowa;gdiinc992j;p0p100;;Post-tax national income. Gini coefficient Adults. equal-split adults;;[Post-tax national income]=[Post-tax disposable income]+[Public spending]; ; 
IR;Iran;gdiinc992j;p0p100;;Post-tax national income. Gini coefficient Adults. equal-split adults;;[Post-tax national income]=[Post-tax disposable income]+[Public spending]; ; 
IQ;Iraq;gdiinc992j;p0p100;;Post-tax national income. Gini coefficient Adults. equal-split adults;;[Post-tax national income]=[Post-tax disposable income]+[Public spending]; ; 
IE;Ireland;gdiinc992j;p0p100;;Post-tax national income. Gini coefficient Adults. equal-split adults;;[Post-tax national income]=[Post-tax disposable income]+[Public spending];;[URL][URL_LINK]http://wid.world/document/bcg2019-full-paper/[/URL_LINK][URL_TEXT]Blanchet, Chancel & Gethin (2019), How Unequal is Europe? Evidence from Distributional National Accounts, 1980-2017[/URL_TEXT][/URL]
IM;Isle of Man;gdiinc992j;p0p100;;Post-tax national income. Gini coefficient Adults. equal-split adults;;[Post-tax national income]=[Post-tax disposable income]+[Public spending]; ; 
IL;Israel;gdiinc992j;p0p100;;Post-tax national income. Gini coefficient Adults. equal-split adults;;[Post-tax national income]=[Post-tax disposable income]+[Public spending]; ; 
IT;Italy;gdiinc992j;p0p100;;Post-tax national income. Gini coefficient Adults. equal-split adults;;[Post-tax national income]=[Post-tax disposable income]+[Public spending];;[URL][URL_LINK]http://wid.world/document/bcg2019-full-paper/[/URL_LINK][URL_TEXT]Blanchet, Chancel & Gethin (2019), How Unequal is Europe? Evidence from Distributional National Accounts, 1980-2017[/URL_TEXT][/URL]
JM;Jamaica;gdiinc992j;p0p100;;Post-tax national income. Gini coefficient Adults. equal-split adults;;[Post-tax national income]=[Post-tax disposable income]+[Public spending]; ; 
JP;Japan;gdiinc992j;p0p100;;Post-tax national income. Gini coefficient Adults. equal-split adults;;[Post-tax national income]=[Post-tax disposable income]+[Public spending]; ; 
JO;Jordan;gdiinc992j;p0p100;;Post-tax national income. Gini coefficient Adults. equal-split adults;;[Post-tax national income]=[Post-tax disposable income]+[Public spending]; ; 
US-KS;Kansas;gdiinc992j;p0p100;;Post-tax national income. Gini coefficient Adults. equal-split adults;;[Post-tax national income]=[Post-tax disposable income]+[Public spending]; ; 
KZ;Kazakhstan;gdiinc992j;p0p100;;Post-tax national income. Gini coefficient Adults. equal-split adults;;[Post-tax national income]=[Post-tax disposable income]+[Public spending]; ; 
US-KY;Kentucky;gdiinc992j;p0p100;;Post-tax national income. Gini coefficient Adults. equal-split adults;;[Post-tax national income]=[Post-tax disposable income]+[Public spending]; ; 
KE;Kenya;gdiinc992j;p0p100;;Post-tax national income. Gini coefficient Adults. equal-split adults;;[Post-tax national income]=[Post-tax disposable income]+[Public spending]; ; 
KI;Kiribati;gdiinc992j;p0p100;;Post-tax national income. Gini coefficient Adults. equal-split adults;;[Post-tax national income]=[Post-tax disposable income]+[Public spending]; ; 
KR;Korea;gdiinc992j;p0p100;;Post-tax national income. Gini coefficient Adults. equal-split adults;;[Post-tax national income]=[Post-tax disposable income]+[Public spending]; ; 
KS;Kosovo;gdiinc992j;p0p100;;Post-tax national income. Gini coefficient Adults. equal-split adults;;[Post-tax national income]=[Post-tax disposable income]+[Public spending];;Blanchet, Chancel and Gethin (2019)
KW;Kuwait;gdiinc992j;p0p100;;Post-tax national income. Gini coefficient Adults. equal-split adults;;[Post-tax national income]=[Post-tax disposable income]+[Public spending]; ; 
KG;Kyrgyzstan;gdiinc992j;p0p100;;Post-tax national income. Gini coefficient Adults. equal-split adults;;[Post-tax national income]=[Post-tax disposable income]+[Public spending]; ; 
LA;Lao PDR;gdiinc992j;p0p100;;Post-tax national income. Gini coefficient Adults. equal-split adults;;[Post-tax national income]=[Post-tax disposable income]+[Public spending]; ; 
XL;Latin America;gdiinc992j;p0p100;;Post-tax national income. Gini coefficient Adults. equal-split adults;;[Post-tax national income]=[Post-tax disposable income]+[Public spending]; ; 
XL-MER;Latin America, Market Exchange Rate;gdiinc992j;p0p100;;Post-tax national income. Gini coefficient Adults. equal-split adults;;[Post-tax national income]=[Post-tax disposable income]+[Public spending]; ; 
LV;Latvia;gdiinc992j;p0p100;;Post-tax national income. Gini coefficient Adults. equal-split adults;;[Post-tax national income]=[Post-tax disposable income]+[Public spending];;[URL][URL_LINK]http://wid.world/document/bcg2019-full-paper/[/URL_LINK][URL_TEXT]Blanchet, Chancel & Gethin (2019), How Unequal is Europe? Evidence from Distributional National Accounts, 1980-2017[/URL_TEXT][/URL]
LB;Lebanon;gdiinc992j;p0p100;;Post-tax national income. Gini coefficient Adults. equal-split adults;;[Post-tax national income]=[Post-tax disposable income]+[Public spending]; ; 
LS;Lesotho;gdiinc992j;p0p100;;Post-tax national income. Gini coefficient Adults. equal-split adults;;[Post-tax national income]=[Post-tax disposable income]+[Public spending]; ; 
LR;Liberia;gdiinc992j;p0p100;;Post-tax national income. Gini coefficient Adults. equal-split adults;;[Post-tax national income]=[Post-tax disposable income]+[Public spending]; ; 
LY;Libya;gdiinc992j;p0p100;;Post-tax national income. Gini coefficient Adults. equal-split adults;;[Post-tax national income]=[Post-tax disposable income]+[Public spending]; ; 
LI;Liechtenstein;gdiinc992j;p0p100;;Post-tax national income. Gini coefficient Adults. equal-split adults;;[Post-tax national income]=[Post-tax disposable income]+[Public spending]; ; 
LT;Lithuania;gdiinc992j;p0p100;;Post-tax national income. Gini coefficient Adults. equal-split adults;;[Post-tax national income]=[Post-tax disposable income]+[Public spending];;[URL][URL_LINK]http://wid.world/document/bcg2019-full-paper/[/URL_LINK][URL_TEXT]Blanchet, Chancel & Gethin (2019), How Unequal is Europe? Evidence from Distributional National Accounts, 1980-2017[/URL_TEXT][/URL]
US-LA;Louisiana;gdiinc992j;p0p100;;Post-tax national income. Gini coefficient Adults. equal-split adults;;[Post-tax national income]=[Post-tax disposable income]+[Public spending]; ; 
LU;Luxembourg;gdiinc992j;p0p100;;Post-tax national income. Gini coefficient Adults. equal-split adults;;[Post-tax national income]=[Post-tax disposable income]+[Public spending];;[URL][URL_LINK]http://wid.world/document/bcg2019-full-paper/[/URL_LINK][URL_TEXT]Blanchet, Chancel & Gethin (2019), How Unequal is Europe? Evidence from Distributional National Accounts, 1980-2017[/URL_TEXT][/URL]
MO;Macao;gdiinc992j;p0p100;;Post-tax national income. Gini coefficient Adults. equal-split adults;;[Post-tax national income]=[Post-tax disposable income]+[Public spending]; ; 
MK;Macedonia;gdiinc992j;p0p100;;Post-tax national income. Gini coefficient Adults. equal-split adults;;[Post-tax national income]=[Post-tax disposable income]+[Public spending];;[URL][URL_LINK]http://wid.world/document/bcg2019-full-paper/[/URL_LINK][URL_TEXT]Blanchet, Chancel & Gethin (2019), How Unequal is Europe? Evidence from Distributional National Accounts, 1980-2017[/URL_TEXT][/URL]
MG;Madagascar;gdiinc992j;p0p100;;Post-tax national income. Gini coefficient Adults. equal-split adults;;[Post-tax national income]=[Post-tax disposable income]+[Public spending]; ; 
US-ME;Maine;gdiinc992j;p0p100;;Post-tax national income. Gini coefficient Adults. equal-split adults;;[Post-tax national income]=[Post-tax disposable income]+[Public spending]; ; 
MW;Malawi;gdiinc992j;p0p100;;Post-tax national income. Gini coefficient Adults. equal-split adults;;[Post-tax national income]=[Post-tax disposable income]+[Public spending]; ; 
MY;Malaysia;gdiinc992j;p0p100;;Post-tax national income. Gini coefficient Adults. equal-split adults;;[Post-tax national income]=[Post-tax disposable income]+[Public spending]; ; 
MV;Maldives;gdiinc992j;p0p100;;Post-tax national income. Gini coefficient Adults. equal-split adults;;[Post-tax national income]=[Post-tax disposable income]+[Public spending]; ; 
ML;Mali;gdiinc992j;p0p100;;Post-tax national income. Gini coefficient Adults. equal-split adults;;[Post-tax national income]=[Post-tax disposable income]+[Public spending]; ; 
MT;Malta;gdiinc992j;p0p100;;Post-tax national income. Gini coefficient Adults. equal-split adults;;[Post-tax national income]=[Post-tax disposable income]+[Public spending];;[URL][URL_LINK]http://wid.world/document/bcg2019-full-paper/[/URL_LINK][URL_TEXT]Blanchet, Chancel & Gethin (2019), How Unequal is Europe? Evidence from Distributional National Accounts, 1980-2017[/URL_TEXT][/URL]
MH;Marshall Islands;gdiinc992j;p0p100;;Post-tax national income. Gini coefficient Adults. equal-split adults;;[Post-tax national income]=[Post-tax disposable income]+[Public spending]; ; 
US-MD;Maryland;gdiinc992j;p0p100;;Post-tax national income. Gini coefficient Adults. equal-split adults;;[Post-tax national income]=[Post-tax disposable income]+[Public spending]; ; 
US-MA;Massachusetts;gdiinc992j;p0p100;;Post-tax national income. Gini coefficient Adults. equal-split adults;;[Post-tax national income]=[Post-tax disposable income]+[Public spending]; ; 
MR;Mauritania;gdiinc992j;p0p100;;Post-tax national income. Gini coefficient Adults. equal-split adults;;[Post-tax national income]=[Post-tax disposable income]+[Public spending]; ; 
MU;Mauritius;gdiinc992j;p0p100;;Post-tax national income. Gini coefficient Adults. equal-split adults;;[Post-tax national income]=[Post-tax disposable income]+[Public spending]; ; 
MX;Mexico;gdiinc992j;p0p100;;Post-tax national income. Gini coefficient Adults. equal-split adults;;[Post-tax national income]=[Post-tax disposable income]+[Public spending]; ; 
US-MI;Michigan;gdiinc992j;p0p100;;Post-tax national income. Gini coefficient Adults. equal-split adults;;[Post-tax national income]=[Post-tax disposable income]+[Public spending]; ; 
FM;Micronesia;gdiinc992j;p0p100;;Post-tax national income. Gini coefficient Adults. equal-split adults;;[Post-tax national income]=[Post-tax disposable income]+[Public spending]; ; 
QN;Middle Africa;gdiinc992j;p0p100;;Post-tax national income. Gini coefficient Adults. equal-split adults;;[Post-tax national income]=[Post-tax disposable income]+[Public spending]; ; 
XM;Middle East;gdiinc992j;p0p100;;Post-tax national income. Gini coefficient Adults. equal-split adults;;[Post-tax national income]=[Post-tax disposable income]+[Public spending]; ; 
XN;Middle East and Northern Africa;gdiinc992j;p0p100;;Post-tax national income. Gini coefficient Adults. equal-split adults;;[Post-tax national income]=[Post-tax disposable income]+[Public spending]; ; 
XN-MER;Middle East and Northern Africa, Market Exchange Rate;gdiinc992j;p0p100;;Post-tax national income. Gini coefficient Adults. equal-split adults;;[Post-tax national income]=[Post-tax disposable income]+[Public spending]; ; 
US-MN;Minnesota;gdiinc992j;p0p100;;Post-tax national income. Gini coefficient Adults. equal-split adults;;[Post-tax national income]=[Post-tax disposable income]+[Public spending]; ; 
US-MS;Mississippi;gdiinc992j;p0p100;;Post-tax national income. Gini coefficient Adults. equal-split adults;;[Post-tax national income]=[Post-tax disposable income]+[Public spending]; ; 
US-MO;Missouri;gdiinc992j;p0p100;;Post-tax national income. Gini coefficient Adults. equal-split adults;;[Post-tax national income]=[Post-tax disposable income]+[Public spending]; ; 
MD;Moldova;gdiinc992j;p0p100;;Post-tax national income. Gini coefficient Adults. equal-split adults;;[Post-tax national income]=[Post-tax disposable income]+[Public spending];;[URL][URL_LINK]http://wid.world/document/bcg2019-full-paper/[/URL_LINK][URL_TEXT]Blanchet, Chancel & Gethin (2019), How Unequal is Europe? Evidence from Distributional National Accounts, 1980-2017[/URL_TEXT][/URL]
MC;Monaco;gdiinc992j;p0p100;;Post-tax national income. Gini coefficient Adults. equal-split adults;;[Post-tax national income]=[Post-tax disposable income]+[Public spending]; ; 
MN;Mongolia;gdiinc992j;p0p100;;Post-tax national income. Gini coefficient Adults. equal-split adults;;[Post-tax national income]=[Post-tax disposable income]+[Public spending]; ; 
US-MT;Montana;gdiinc992j;p0p100;;Post-tax national income. Gini coefficient Adults. equal-split adults;;[Post-tax national income]=[Post-tax disposable income]+[Public spending]; ; 
ME;Montenegro;gdiinc992j;p0p100;;Post-tax national income. Gini coefficient Adults. equal-split adults;;[Post-tax national income]=[Post-tax disposable income]+[Public spending];;[URL][URL_LINK]http://wid.world/document/bcg2019-full-paper/[/URL_LINK][URL_TEXT]Blanchet, Chancel & Gethin (2019), How Unequal is Europe? Evidence from Distributional National Accounts, 1980-2017[/URL_TEXT][/URL]
MS;Montserrat;gdiinc992j;p0p100;;Post-tax national income. Gini coefficient Adults. equal-split adults;;[Post-tax national income]=[Post-tax disposable income]+[Public spending]; ; 
MA;Morocco;gdiinc992j;p0p100;;Post-tax national income. Gini coefficient Adults. equal-split adults;;[Post-tax national income]=[Post-tax disposable income]+[Public spending]; ; 
MZ;Mozambique;gdiinc992j;p0p100;;Post-tax national income. Gini coefficient Adults. equal-split adults;;[Post-tax national income]=[Post-tax disposable income]+[Public spending]; ; 
MM;Myanmar;gdiinc992j;p0p100;;Post-tax national income. Gini coefficient Adults. equal-split adults;;[Post-tax national income]=[Post-tax disposable income]+[Public spending]; ; 
;Namibia;gdiinc992j;p0p100;;Post-tax national income. Gini coefficient Adults. equal-split adults;;[Post-tax national income]=[Post-tax disposable income]+[Public spending]; ; 
NR;Nauru;gdiinc992j;p0p100;;Post-tax national income. Gini coefficient Adults. equal-split adults;;[Post-tax national income]=[Post-tax disposable income]+[Public spending]; ; 
US-NE;Nebraska;gdiinc992j;p0p100;;Post-tax national income. Gini coefficient Adults. equal-split adults;;[Post-tax national income]=[Post-tax disposable income]+[Public spending]; ; 
NP;Nepal;gdiinc992j;p0p100;;Post-tax national income. Gini coefficient Adults. equal-split adults;;[Post-tax national income]=[Post-tax disposable income]+[Public spending]; ; 
NL;Netherlands;gdiinc992j;p0p100;;Post-tax national income. Gini coefficient Adults. equal-split adults;;[Post-tax national income]=[Post-tax disposable income]+[Public spending];;[URL][URL_LINK]http://wid.world/document/bcg2019-full-paper/[/URL_LINK][URL_TEXT]Blanchet, Chancel & Gethin (2019), How Unequal is Europe? Evidence from Distributional National Accounts, 1980-2017[/URL_TEXT][/URL]
AN;Netherlands Antilles;gdiinc992j;p0p100;;Post-tax national income. Gini coefficient Adults. equal-split adults;;[Post-tax national income]=[Post-tax disposable income]+[Public spending]; ; 
US-NV;Nevada;gdiinc992j;p0p100;;Post-tax national income. Gini coefficient Adults. equal-split adults;;[Post-tax national income]=[Post-tax disposable income]+[Public spending]; ; 
NC;New Caledonia;gdiinc992j;p0p100;;Post-tax national income. Gini coefficient Adults. equal-split adults;;[Post-tax national income]=[Post-tax disposable income]+[Public spending]; ; 
US-NH;New Hampshire;gdiinc992j;p0p100;;Post-tax national income. Gini coefficient Adults. equal-split adults;;[Post-tax national income]=[Post-tax disposable income]+[Public spending]; ; 
US-NJ;New Jersey;gdiinc992j;p0p100;;Post-tax national income. Gini coefficient Adults. equal-split adults;;[Post-tax national income]=[Post-tax disposable income]+[Public spending]; ; 
US-NM;New Mexico;gdiinc992j;p0p100;;Post-tax national income. Gini coefficient Adults. equal-split adults;;[Post-tax national income]=[Post-tax disposable income]+[Public spending]; ; 
US-NY;New York;gdiinc992j;p0p100;;Post-tax national income. Gini coefficient Adults. equal-split adults;;[Post-tax national income]=[Post-tax disposable income]+[Public spending]; ; 
NZ;New Zealand;gdiinc992j;p0p100;;Post-tax national income. Gini coefficient Adults. equal-split adults;;[Post-tax national income]=[Post-tax disposable income]+[Public spending]; ; 
NI;Nicaragua;gdiinc992j;p0p100;;Post-tax national income. Gini coefficient Adults. equal-split adults;;[Post-tax national income]=[Post-tax disposable income]+[Public spending]; ; 
NE;Niger;gdiinc992j;p0p100;;Post-tax national income. Gini coefficient Adults. equal-split adults;;[Post-tax national income]=[Post-tax disposable income]+[Public spending]; ; 
NG;Nigeria;gdiinc992j;p0p100;;Post-tax national income. Gini coefficient Adults. equal-split adults;;[Post-tax national income]=[Post-tax disposable income]+[Public spending]; ; 
US-NC;North Carolina;gdiinc992j;p0p100;;Post-tax national income. Gini coefficient Adults. equal-split adults;;[Post-tax national income]=[Post-tax disposable income]+[Public spending]; ; 
US-ND;North Dakota;gdiinc992j;p0p100;;Post-tax national income. Gini coefficient Adults. equal-split adults;;[Post-tax national income]=[Post-tax disposable income]+[Public spending]; ; 
KP;North Korea;gdiinc992j;p0p100;;Post-tax national income. Gini coefficient Adults. equal-split adults;;[Post-tax national income]=[Post-tax disposable income]+[Public spending]; ; 
QO;Northern Africa;gdiinc992j;p0p100;;Post-tax national income. Gini coefficient Adults. equal-split adults;;[Post-tax national income]=[Post-tax disposable income]+[Public spending]; ; 
QP;Northern America;gdiinc992j;p0p100;;Post-tax national income. Gini coefficient Adults. equal-split adults;;[Post-tax national income]=[Post-tax disposable income]+[Public spending]; ; 
MP;Northern Mariana Islands;gdiinc992j;p0p100;;Post-tax national income. Gini coefficient Adults. equal-split adults;;[Post-tax national income]=[Post-tax disposable income]+[Public spending]; ; 
NO;Norway;gdiinc992j;p0p100;;Post-tax national income. Gini coefficient Adults. equal-split adults;;[Post-tax national income]=[Post-tax disposable income]+[Public spending];;[URL][URL_LINK]http://wid.world/document/bcg2019-full-paper/[/URL_LINK][URL_TEXT]Blanchet, Chancel & Gethin (2019), How Unequal is Europe? Evidence from Distributional National Accounts, 1980-2017[/URL_TEXT][/URL]
QF;Oceania;gdiinc992j;p0p100;;Post-tax national income. Gini coefficient Adults. equal-split adults;;[Post-tax national income]=[Post-tax disposable income]+[Public spending]; ; 
QQ;Oceania (excl. Australia and New Zealand);gdiinc992j;p0p100;;Post-tax national income. Gini coefficient Adults. equal-split adults;;[Post-tax national income]=[Post-tax disposable income]+[Public spending]; ; 
US-OH;Ohio;gdiinc992j;p0p100;;Post-tax national income. Gini coefficient Adults. equal-split adults;;[Post-tax national income]=[Post-tax disposable income]+[Public spending]; ; 
US-OK;Oklahoma;gdiinc992j;p0p100;;Post-tax national income. Gini coefficient Adults. equal-split adults;;[Post-tax national income]=[Post-tax disposable income]+[Public spending]; ; 
OM;Oman;gdiinc992j;p0p100;;Post-tax national income. Gini coefficient Adults. equal-split adults;;[Post-tax national income]=[Post-tax disposable income]+[Public spending]; ; 
US-OR;Oregon;gdiinc992j;p0p100;;Post-tax national income. Gini coefficient Adults. equal-split adults;;[Post-tax national income]=[Post-tax disposable income]+[Public spending]; ; 
PK;Pakistan;gdiinc992j;p0p100;;Post-tax national income. Gini coefficient Adults. equal-split adults;;[Post-tax national income]=[Post-tax disposable income]+[Public spending]; ; 
PW;Palau;gdiinc992j;p0p100;;Post-tax national income. Gini coefficient Adults. equal-split adults;;[Post-tax national income]=[Post-tax disposable income]+[Public spending]; ; 
PS;Palestine;gdiinc992j;p0p100;;Post-tax national income. Gini coefficient Adults. equal-split adults;;[Post-tax national income]=[Post-tax disposable income]+[Public spending]; ; 
PA;Panama;gdiinc992j;p0p100;;Post-tax national income. Gini coefficient Adults. equal-split adults;;[Post-tax national income]=[Post-tax disposable income]+[Public spending]; ; 
PG;Papua New Guinea;gdiinc992j;p0p100;;Post-tax national income. Gini coefficient Adults. equal-split adults;;[Post-tax national income]=[Post-tax disposable income]+[Public spending]; ; 
PY;Paraguay;gdiinc992j;p0p100;;Post-tax national income. Gini coefficient Adults. equal-split adults;;[Post-tax national income]=[Post-tax disposable income]+[Public spending]; ; 
US-PA;Pennsylvania;gdiinc992j;p0p100;;Post-tax national income. Gini coefficient Adults. equal-split adults;;[Post-tax national income]=[Post-tax disposable income]+[Public spending]; ; 
PE;Peru;gdiinc992j;p0p100;;Post-tax national income. Gini coefficient Adults. equal-split adults;;[Post-tax national income]=[Post-tax disposable income]+[Public spending]; ; 
PH;Philippines;gdiinc992j;p0p100;;Post-tax national income. Gini coefficient Adults. equal-split adults;;[Post-tax national income]=[Post-tax disposable income]+[Public spending]; ; 
PL;Poland;gdiinc992j;p0p100;;Post-tax national income. Gini coefficient Adults. equal-split adults;;[Post-tax national income]=[Post-tax disposable income]+[Public spending];;[URL][URL_LINK]http://wid.world/document/bcg2019-full-paper/[/URL_LINK][URL_TEXT]Blanchet, Chancel & Gethin (2019), How Unequal is Europe? Evidence from Distributional National Accounts, 1980-2017[/URL_TEXT][/URL]
PT;Portugal;gdiinc992j;p0p100;;Post-tax national income. Gini coefficient Adults. equal-split adults;;[Post-tax national income]=[Post-tax disposable income]+[Public spending];;[URL][URL_LINK]http://wid.world/document/bcg2019-full-paper/[/URL_LINK][URL_TEXT]Blanchet, Chancel & Gethin (2019), How Unequal is Europe? Evidence from Distributional National Accounts, 1980-2017[/URL_TEXT][/URL]
DE-PR;Prussia;gdiinc992j;p0p100;;Post-tax national income. Gini coefficient Adults. equal-split adults;;[Post-tax national income]=[Post-tax disposable income]+[Public spending]; ; 
PR;Puerto Rico;gdiinc992j;p0p100;;Post-tax national income. Gini coefficient Adults. equal-split adults;;[Post-tax national income]=[Post-tax disposable income]+[Public spending]; ; 
QA;Qatar;gdiinc992j;p0p100;;Post-tax national income. Gini coefficient Adults. equal-split adults;;[Post-tax national income]=[Post-tax disposable income]+[Public spending]; ; 
US-RI;Rhode Island;gdiinc992j;p0p100;;Post-tax national income. Gini coefficient Adults. equal-split adults;;[Post-tax national income]=[Post-tax disposable income]+[Public spending]; ; 
RO;Romania;gdiinc992j;p0p100;;Post-tax national income. Gini coefficient Adults. equal-split adults;;[Post-tax national income]=[Post-tax disposable income]+[Public spending];;[URL][URL_LINK]http://wid.world/document/bcg2019-full-paper/[/URL_LINK][URL_TEXT]Blanchet, Chancel & Gethin (2019), How Unequal is Europe? Evidence from Distributional National Accounts, 1980-2017[/URL_TEXT][/URL]
CN-RU;Rural China;gdiinc992j;p0p100;;Post-tax national income. Gini coefficient Adults. equal-split adults;;[Post-tax national income]=[Post-tax disposable income]+[Public spending]; ; 
XR;Russia and Ukraine;gdiinc992j;p0p100;;Post-tax national income. Gini coefficient Adults. equal-split adults;;[Post-tax national income]=[Post-tax disposable income]+[Public spending]; ; 
XR-MER;Russia and Ukraine, Market Exchange Rate;gdiinc992j;p0p100;;Post-tax national income. Gini coefficient Adults. equal-split adults;;[Post-tax national income]=[Post-tax disposable income]+[Public spending]; ; 
RU;Russian Federation;gdiinc992j;p0p100;;Post-tax national income. Gini coefficient Adults. equal-split adults;;[Post-tax national income]=[Post-tax disposable income]+[Public spending]; ; 
RW;Rwanda;gdiinc992j;p0p100;;Post-tax national income. Gini coefficient Adults. equal-split adults;;[Post-tax national income]=[Post-tax disposable income]+[Public spending]; ; 
KN;Saint Kitts and Nevis;gdiinc992j;p0p100;;Post-tax national income. Gini coefficient Adults. equal-split adults;;[Post-tax national income]=[Post-tax disposable income]+[Public spending]; ; 
LC;Saint Lucia;gdiinc992j;p0p100;;Post-tax national income. Gini coefficient Adults. equal-split adults;;[Post-tax national income]=[Post-tax disposable income]+[Public spending]; ; 
VC;Saint Vincent and the Grenadines;gdiinc992j;p0p100;;Post-tax national income. Gini coefficient Adults. equal-split adults;;[Post-tax national income]=[Post-tax disposable income]+[Public spending]; ; 
WS;Samoa;gdiinc992j;p0p100;;Post-tax national income. Gini coefficient Adults. equal-split adults;;[Post-tax national income]=[Post-tax disposable income]+[Public spending]; ; 
SM;San Marino;gdiinc992j;p0p100;;Post-tax national income. Gini coefficient Adults. equal-split adults;;[Post-tax national income]=[Post-tax disposable income]+[Public spending]; ; 
ST;Sao Tome and Principe;gdiinc992j;p0p100;;Post-tax national income. Gini coefficient Adults. equal-split adults;;[Post-tax national income]=[Post-tax disposable income]+[Public spending]; ; 
SA;Saudi Arabia;gdiinc992j;p0p100;;Post-tax national income. Gini coefficient Adults. equal-split adults;;[Post-tax national income]=[Post-tax disposable income]+[Public spending]; ; 
DE-SN;Saxony;gdiinc992j;p0p100;;Post-tax national income. Gini coefficient Adults. equal-split adults;;[Post-tax national income]=[Post-tax disposable income]+[Public spending]; ; 
SN;Senegal;gdiinc992j;p0p100;;Post-tax national income. Gini coefficient Adults. equal-split adults;;[Post-tax national income]=[Post-tax disposable income]+[Public spending]; ; 
RS;Serbia;gdiinc992j;p0p100;;Post-tax national income. Gini coefficient Adults. equal-split adults;;[Post-tax national income]=[Post-tax disposable income]+[Public spending];;[URL][URL_LINK]http://wid.world/document/bcg2019-full-paper/[/URL_LINK][URL_TEXT]Blanchet, Chancel & Gethin (2019), How Unequal is Europe? Evidence from Distributional National Accounts, 1980-2017[/URL_TEXT][/URL]
SC;Seychelles;gdiinc992j;p0p100;;Post-tax national income. Gini coefficient Adults. equal-split adults;;[Post-tax national income]=[Post-tax disposable income]+[Public spending]; ; 
SL;Sierra Leone;gdiinc992j;p0p100;;Post-tax national income. Gini coefficient Adults. equal-split adults;;[Post-tax national income]=[Post-tax disposable income]+[Public spending]; ; 
SG;Singapore;gdiinc992j;p0p100;;Post-tax national income. Gini coefficient Adults. equal-split adults;;[Post-tax national income]=[Post-tax disposable income]+[Public spending]; ; 
SX;Sint Maarten (Dutch part);gdiinc992j;p0p100;;Post-tax national income. Gini coefficient Adults. equal-split adults;;[Post-tax national income]=[Post-tax disposable income]+[Public spending]; ; 
SK;Slovakia;gdiinc992j;p0p100;;Post-tax national income. Gini coefficient Adults. equal-split adults;;[Post-tax national income]=[Post-tax disposable income]+[Public spending];;[URL][URL_LINK]http://wid.world/document/bcg2019-full-paper/[/URL_LINK][URL_TEXT]Blanchet, Chancel & Gethin (2019), How Unequal is Europe? Evidence from Distributional National Accounts, 1980-2017[/URL_TEXT][/URL]
SI;Slovenia;gdiinc992j;p0p100;;Post-tax national income. Gini coefficient Adults. equal-split adults;;[Post-tax national income]=[Post-tax disposable income]+[Public spending];;[URL][URL_LINK]http://wid.world/document/bcg2019-full-paper/[/URL_LINK][URL_TEXT]Blanchet, Chancel & Gethin (2019), How Unequal is Europe? Evidence from Distributional National Accounts, 1980-2017[/URL_TEXT][/URL]
SB;Solomon Islands;gdiinc992j;p0p100;;Post-tax national income. Gini coefficient Adults. equal-split adults;;[Post-tax national income]=[Post-tax disposable income]+[Public spending]; ; 
SO;Somalia;gdiinc992j;p0p100;;Post-tax national income. Gini coefficient Adults. equal-split adults;;[Post-tax national income]=[Post-tax disposable income]+[Public spending]; ; 
ZA;South Africa;gdiinc992j;p0p100;;Post-tax national income. Gini coefficient Adults. equal-split adults;;[Post-tax national income]=[Post-tax disposable income]+[Public spending]; ; 
QR;South America;gdiinc992j;p0p100;;Post-tax national income. Gini coefficient Adults. equal-split adults;;[Post-tax national income]=[Post-tax disposable income]+[Public spending]; ; 
US-SC;South Carolina;gdiinc992j;p0p100;;Post-tax national income. Gini coefficient Adults. equal-split adults;;[Post-tax national income]=[Post-tax disposable income]+[Public spending]; ; 
US-SD;South Dakota;gdiinc992j;p0p100;;Post-tax national income. Gini coefficient Adults. equal-split adults;;[Post-tax national income]=[Post-tax disposable income]+[Public spending]; ; 
SS;South Sudan;gdiinc992j;p0p100;;Post-tax national income. Gini coefficient Adults. equal-split adults;;[Post-tax national income]=[Post-tax disposable income]+[Public spending]; ; 
QS;South-Eastern Asia;gdiinc992j;p0p100;;Post-tax national income. Gini coefficient Adults. equal-split adults;;[Post-tax national income]=[Post-tax disposable income]+[Public spending]; ; 
QT;Southern Africa;gdiinc992j;p0p100;;Post-tax national income. Gini coefficient Adults. equal-split adults;;[Post-tax national income]=[Post-tax disposable income]+[Public spending]; ; 
QU;Southern Asia;gdiinc992j;p0p100;;Post-tax national income. Gini coefficient Adults. equal-split adults;;[Post-tax national income]=[Post-tax disposable income]+[Public spending]; ; 
ES;Spain;gdiinc992j;p0p100;;Post-tax national income. Gini coefficient Adults. equal-split adults;;[Post-tax national income]=[Post-tax disposable income]+[Public spending];;[URL][URL_LINK]http://wid.world/document/bcg2019-full-paper/[/URL_LINK][URL_TEXT]Blanchet, Chancel & Gethin (2019), How Unequal is Europe? Evidence from Distributional National Accounts, 1980-2017[/URL_TEXT][/URL]
LK;Sri Lanka;gdiinc992j;p0p100;;Post-tax national income. Gini coefficient Adults. equal-split adults;;[Post-tax national income]=[Post-tax disposable income]+[Public spending]; ; 
XF;Sub-Saharan Africa;gdiinc992j;p0p100;;Post-tax national income. Gini coefficient Adults. equal-split adults;;[Post-tax national income]=[Post-tax disposable income]+[Public spending]; ; 
XF-MER;Sub-Saharan Africa, Market Exchange Rate;gdiinc992j;p0p100;;Post-tax national income. Gini coefficient Adults. equal-split adults;;[Post-tax national income]=[Post-tax disposable income]+[Public spending]; ; 
SD;Sudan;gdiinc992j;p0p100;;Post-tax national income. Gini coefficient Adults. equal-split adults;;[Post-tax national income]=[Post-tax disposable income]+[Public spending]; ; 
SR;Suriname;gdiinc992j;p0p100;;Post-tax national income. Gini coefficient Adults. equal-split adults;;[Post-tax national income]=[Post-tax disposable income]+[Public spending]; ; 
SZ;Swaziland;gdiinc992j;p0p100;;Post-tax national income. Gini coefficient Adults. equal-split adults;;[Post-tax national income]=[Post-tax disposable income]+[Public spending]; ; 
SE;Sweden;gdiinc992j;p0p100;;Post-tax national income. Gini coefficient Adults. equal-split adults;;[Post-tax national income]=[Post-tax disposable income]+[Public spending];;[URL][URL_LINK]http://wid.world/document/bcg2019-full-paper/[/URL_LINK][URL_TEXT]Blanchet, Chancel & Gethin (2019), How Unequal is Europe? Evidence from Distributional National Accounts, 1980-2017[/URL_TEXT][/URL]
CH;Switzerland;gdiinc992j;p0p100;;Post-tax national income. Gini coefficient Adults. equal-split adults;;[Post-tax national income]=[Post-tax disposable income]+[Public spending];;[URL][URL_LINK]http://wid.world/document/bcg2019-full-paper/[/URL_LINK][URL_TEXT]Blanchet, Chancel & Gethin (2019), How Unequal is Europe? Evidence from Distributional National Accounts, 1980-2017[/URL_TEXT][/URL]
SY;Syrian Arab Republic;gdiinc992j;p0p100;;Post-tax national income. Gini coefficient Adults. equal-split adults;;[Post-tax national income]=[Post-tax disposable income]+[Public spending]; ; 
TW;Taiwan;gdiinc992j;p0p100;;Post-tax national income. Gini coefficient Adults. equal-split adults;;[Post-tax national income]=[Post-tax disposable income]+[Public spending]; ; 
TJ;Tajikistan;gdiinc992j;p0p100;;Post-tax national income. Gini coefficient Adults. equal-split adults;;[Post-tax national income]=[Post-tax disposable income]+[Public spending]; ; 
TZ;Tanzania;gdiinc992j;p0p100;;Post-tax national income. Gini coefficient Adults. equal-split adults;;[Post-tax national income]=[Post-tax disposable income]+[Public spending]; ; 
US-TN;Tennessee;gdiinc992j;p0p100;;Post-tax national income. Gini coefficient Adults. equal-split adults;;[Post-tax national income]=[Post-tax disposable income]+[Public spending]; ; 
US-TX;Texas;gdiinc992j;p0p100;;Post-tax national income. Gini coefficient Adults. equal-split adults;;[Post-tax national income]=[Post-tax disposable income]+[Public spending]; ; 
TH;Thailand;gdiinc992j;p0p100;;Post-tax national income. Gini coefficient Adults. equal-split adults;;[Post-tax national income]=[Post-tax disposable income]+[Public spending]; ; 
TL;Timor-Leste;gdiinc992j;p0p100;;Post-tax national income. Gini coefficient Adults. equal-split adults;;[Post-tax national income]=[Post-tax disposable income]+[Public spending]; ; 
TG;Togo;gdiinc992j;p0p100;;Post-tax national income. Gini coefficient Adults. equal-split adults;;[Post-tax national income]=[Post-tax disposable income]+[Public spending]; ; 
TO;Tonga;gdiinc992j;p0p100;;Post-tax national income. Gini coefficient Adults. equal-split adults;;[Post-tax national income]=[Post-tax disposable income]+[Public spending]; ; 
TT;Trinidad and Tobago;gdiinc992j;p0p100;;Post-tax national income. Gini coefficient Adults. equal-split adults;;[Post-tax national income]=[Post-tax disposable income]+[Public spending]; ; 
TN;Tunisia;gdiinc992j;p0p100;;Post-tax national income. Gini coefficient Adults. equal-split adults;;[Post-tax national income]=[Post-tax disposable income]+[Public spending]; ; 
TR;Turkey;gdiinc992j;p0p100;;Post-tax national income. Gini coefficient Adults. equal-split adults;;[Post-tax national income]=[Post-tax disposable income]+[Public spending]; ; 
TM;Turkmenistan;gdiinc992j;p0p100;;Post-tax national income. Gini coefficient Adults. equal-split adults;;[Post-tax national income]=[Post-tax disposable income]+[Public spending]; ; 
TC;Turks and Caicos Islands;gdiinc992j;p0p100;;Post-tax national income. Gini coefficient Adults. equal-split adults;;[Post-tax national income]=[Post-tax disposable income]+[Public spending]; ; 
TV;Tuvalu;gdiinc992j;p0p100;;Post-tax national income. Gini coefficient Adults. equal-split adults;;[Post-tax national income]=[Post-tax disposable income]+[Public spending]; ; 
US;USA;gdiinc992j;p0p100;;Post-tax national income. Gini coefficient Adults. equal-split adults;;[Post-tax national income]=[Post-tax disposable income]+[Public spending];WID.world computations using wid.world/gpinter.;"[URL][URL_LINK]http://wid.world/document/t-piketty-e-saez-g-zucman-data-appendix-to-distributional-national-accounts-methods-and-estimates-for-the-united-states-2016/[/URL_LINK][URL_TEXT]Piketty, Thomas; Saez, Emmanuel and Zucman, Gabriel (2016). Distributional National Accounts: Methods and Estimates for the United States.[/URL_TEXT][/URL]"
SU;USSR;gdiinc992j;p0p100;;Post-tax national income. Gini coefficient Adults. equal-split adults;;[Post-tax national income]=[Post-tax disposable income]+[Public spending]; ; 
UG;Uganda;gdiinc992j;p0p100;;Post-tax national income. Gini coefficient Adults. equal-split adults;;[Post-tax national income]=[Post-tax disposable income]+[Public spending]; ; 
UA;Ukraine;gdiinc992j;p0p100;;Post-tax national income. Gini coefficient Adults. equal-split adults;;[Post-tax national income]=[Post-tax disposable income]+[Public spending]; ; 
AE;United Arab Emirates;gdiinc992j;p0p100;;Post-tax national income. Gini coefficient Adults. equal-split adults;;[Post-tax national income]=[Post-tax disposable income]+[Public spending]; ; 
GB;United Kingdom;gdiinc992j;p0p100;;Post-tax national income. Gini coefficient Adults. equal-split adults;;[Post-tax national income]=[Post-tax disposable income]+[Public spending];"Estimates relate to the distribution of income net of income tax. Until 1989 original estimates relate to tax units (married couples and single adults), while, from 1990, original estimates relate to adults; they are presented in two distinct columns.";[URL][URL_LINK]http://wid.world/document/bcg2019-full-paper/[/URL_LINK][URL_TEXT]Blanchet, Chancel & Gethin (2019), How Unequal is Europe? Evidence from Distributional National Accounts, 1980-2017[/URL_TEXT][/URL]
CN-UR;Urban China;gdiinc992j;p0p100;;Post-tax national income. Gini coefficient Adults. equal-split adults;;[Post-tax national income]=[Post-tax disposable income]+[Public spending]; ; 
UY;Uruguay;gdiinc992j;p0p100;;Post-tax national income. Gini coefficient Adults. equal-split adults;;[Post-tax national income]=[Post-tax disposable income]+[Public spending]; ; 
US-UT;Utah;gdiinc992j;p0p100;;Post-tax national income. Gini coefficient Adults. equal-split adults;;[Post-tax national income]=[Post-tax disposable income]+[Public spending]; ; 
UZ;Uzbekistan;gdiinc992j;p0p100;;Post-tax national income. Gini coefficient Adults. equal-split adults;;[Post-tax national income]=[Post-tax disposable income]+[Public spending]; ; 
VU;Vanuatu;gdiinc992j;p0p100;;Post-tax national income. Gini coefficient Adults. equal-split adults;;[Post-tax national income]=[Post-tax disposable income]+[Public spending]; ; 
VE;Venezuela;gdiinc992j;p0p100;;Post-tax national income. Gini coefficient Adults. equal-split adults;;[Post-tax national income]=[Post-tax disposable income]+[Public spending]; ; 
US-VT;Vermont;gdiinc992j;p0p100;;Post-tax national income. Gini coefficient Adults. equal-split adults;;[Post-tax national income]=[Post-tax disposable income]+[Public spending]; ; 
VN;Viet Nam;gdiinc992j;p0p100;;Post-tax national income. Gini coefficient Adults. equal-split adults;;[Post-tax national income]=[Post-tax disposable income]+[Public spending]; ; 
VG;Virgin Islands, British;gdiinc992j;p0p100;;Post-tax national income. Gini coefficient Adults. equal-split adults;;[Post-tax national income]=[Post-tax disposable income]+[Public spending]; ; 
VI;Virgin Islands, US;gdiinc992j;p0p100;;Post-tax national income. Gini coefficient Adults. equal-split adults;;[Post-tax national income]=[Post-tax disposable income]+[Public spending]; ; 
US-VA;Virginia;gdiinc992j;p0p100;;Post-tax national income. Gini coefficient Adults. equal-split adults;;[Post-tax national income]=[Post-tax disposable income]+[Public spending]; ; 
US-WA;Washington;gdiinc992j;p0p100;;Post-tax national income. Gini coefficient Adults. equal-split adults;;[Post-tax national income]=[Post-tax disposable income]+[Public spending]; ; 
US-WV;West Virginia;gdiinc992j;p0p100;;Post-tax national income. Gini coefficient Adults. equal-split adults;;[Post-tax national income]=[Post-tax disposable income]+[Public spending]; ; 
QV;Western Africa;gdiinc992j;p0p100;;Post-tax national income. Gini coefficient Adults. equal-split adults;;[Post-tax national income]=[Post-tax disposable income]+[Public spending]; ; 
QW;Western Asia;gdiinc992j;p0p100;;Post-tax national income. Gini coefficient Adults. equal-split adults;;[Post-tax national income]=[Post-tax disposable income]+[Public spending]; ; 
QX;Western Europe;gdiinc992j;p0p100;;Post-tax national income. Gini coefficient Adults. equal-split adults;;[Post-tax national income]=[Post-tax disposable income]+[Public spending]; ; 
US-WI;Wisconsin;gdiinc992j;p0p100;;Post-tax national income. Gini coefficient Adults. equal-split adults;;[Post-tax national income]=[Post-tax disposable income]+[Public spending]; ; 
WO;World;gdiinc992j;p0p100;;Post-tax national income. Gini coefficient Adults. equal-split adults;;[Post-tax national income]=[Post-tax disposable income]+[Public spending]; ; 
DE-WU;Wurttemberg;gdiinc992j;p0p100;;Post-tax national income. Gini coefficient Adults. equal-split adults;;[Post-tax national income]=[Post-tax disposable income]+[Public spending]; ; 
US-WY;Wyoming;gdiinc992j;p0p100;;Post-tax national income. Gini coefficient Adults. equal-split adults;;[Post-tax national income]=[Post-tax disposable income]+[Public spending]; ; 
YE;Yemen;gdiinc992j;p0p100;;Post-tax national income. Gini coefficient Adults. equal-split adults;;[Post-tax national income]=[Post-tax disposable income]+[Public spending]; ; 
YU;Yugoslavia;gdiinc992j;p0p100;;Post-tax national income. Gini coefficient Adults. equal-split adults;;[Post-tax national income]=[Post-tax disposable income]+[Public spending]; ; 
ZM;Zambia;gdiinc992j;p0p100;;Post-tax national income. Gini coefficient Adults. equal-split adults;;[Post-tax national income]=[Post-tax disposable income]+[Public spending]; ; 
ZZ;Zanzibar;gdiinc992j;p0p100;;Post-tax national income. Gini coefficient Adults. equal-split adults;;[Post-tax national income]=[Post-tax disposable income]+[Public spending]; ; 
ZW;Zimbabwe;gdiinc992j;p0p100;;Post-tax national income. Gini coefficient Adults. equal-split adults;;[Post-tax national income]=[Post-tax disposable income]+[Public spending]; ; 
QE-MER;;gdiinc992j;p0p100;;Post-tax national income. Gini coefficient Adults. equal-split adults;;[Post-tax national income]=[Post-tax disposable income]+[Public spending];;[URL][URL_LINK]http://wid.world/document/bcg2019-full-paper/[/URL_LINK][URL_TEXT]Blanchet, Chancel & Gethin (2019), How Unequal is Europe? Evidence from Distributional National Accounts, 1980-2017[/URL_TEXT][/URL]
QF-MER;;gdiinc992j;p0p100;;Post-tax national income. Gini coefficient Adults. equal-split adults;;[Post-tax national income]=[Post-tax disposable income]+[Public spending]; ; 
QP-MER;;gdiinc992j;p0p100;;Post-tax national income. Gini coefficient Adults. equal-split adults;;[Post-tax national income]=[Post-tax disposable income]+[Public spending]; ; 
